{
  "timestamp": "2025-09-04T19:37:26.975Z",
  "summary": {
    "totalFiles": 65,
    "processedFiles": 65,
    "metrics": {
      "matched": 65,
      "uploaded": 65,
      "errors": 0,
      "duplicates": 0,
      "skipped": 0,
      "totalSize": 5258847,
      "uploadedSize": 5258847,
      "avgFileSize": 80905.33846153846,
      "filesPerSecond": 0.9328625965153995,
      "estimatedTimeRemaining": 0
    },
    "elapsedTime": 69.684
  }
}
